{"devices":[{"manufacturer_name":null,"manufacturer_id":"f796a550-30ca-b363-f22e-21aa2f5a17d8","model":"2fe58479-4536-3eed-2bcc-18f80eded739","protocol_type":"MQTT","device_type":"农业机械","service_capabilities":[{"service_id":"All","service_type":"All","option":"Optional","description":"器件：水位传感器，水泵，水质传感器，土壤湿度传感器，水加热器，水温传感器，气泵，鱼缸灯，植物生长灯，种植光照传感器，鱼缸喂食器，空气温湿度传感器。"}]}]}