{
    "services": [
        {
            "service_id": "All",
            "service_type": "All",
            "properties": [
                {
                    "property_name": "WaterSD",
                    "data_type": "int",
                    "required": false,
                    "enum_list": null,
                    "min": "0",
                    "max": "4000",
                    "max_length": 0,
                    "step": 0,
                    "unit": "mm",
                    "method": "RW",
                    "description": "是水平面距离测距仪的距离,与网络应用设定的测距仪距离水底的距离计算出水位高度。单位是mm。WaterSurfaceDistance",
                    "default_value": null
                },
                {
                    "property_name": "WaterQSV",
                    "data_type": "decimal",
                    "required": false,
                    "enum_list": null,
                    "min": "0",
                    "max": "5",
                    "max_length": 0,
                    "step": 0,
                    "unit": "",
                    "method": "RW",
                    "description": "STM32测量的水质传感器的数据端口电压。WaterQualitySensorVoltage",
                    "default_value": null
                },
                {
                    "property_name": "SoilMSV",
                    "data_type": "decimal",
                    "required": false,
                    "enum_list": null,
                    "min": "0",
                    "max": "5",
                    "max_length": 0,
                    "step": 0,
                    "unit": "",
                    "method": "RW",
                    "description": "STM32测量的土壤湿度传感器的数据端口电压。SoilMoistureSensorPortVoltage",
                    "default_value": null
                },
                {
                    "property_name": "WaterT",
                    "data_type": "int",
                    "required": false,
                    "enum_list": null,
                    "min": "-55",
                    "max": "125",
                    "max_length": 0,
                    "step": 0,
                    "unit": "",
                    "method": "RW",
                    "description": "DS18B20温度传感器测出的水温数据，单位是摄氏度，没有小数。量程是-55~125摄氏度。WaterTemperature",
                    "default_value": null
                },
                {
                    "property_name": "WaterPVR",
                    "data_type": "int",
                    "required": false,
                    "enum_list": null,
                    "min": "0",
                    "max": "100",
                    "max_length": 0,
                    "step": 0,
                    "unit": "",
                    "method": "RW",
                    "description": "WaterPVConfig命令的WaterPVR参数的本地信息。",
                    "default_value": null
                },
                {
                    "property_name": "AirPRS",
                    "data_type": "int",
                    "required": false,
                    "enum_list": null,
                    "min": "0",
                    "max": "10",
                    "max_length": 0,
                    "step": 0,
                    "unit": "",
                    "method": "RW",
                    "description": "AirPCmd命令的AirPCmd参数的本地信息。",
                    "default_value": null
                },
                {
                    "property_name": "WaterHRS",
                    "data_type": "int",
                    "required": false,
                    "enum_list": null,
                    "min": "0",
                    "max": "10",
                    "max_length": 0,
                    "step": 0,
                    "unit": "",
                    "method": "RW",
                    "description": "WaterHCmd命令的WaterHRS参数的本地信息。",
                    "default_value": null
                },
                {
                    "property_name": "IlluminationSV",
                    "data_type": "decimal",
                    "required": false,
                    "enum_list": null,
                    "min": "0",
                    "max": "5",
                    "max_length": 0,
                    "step": 0,
                    "unit": "",
                    "method": "RW",
                    "description": "是亮度传感器的模拟输出端口(AO)电压经过STM32进行ADC转换后的电压数值。IlluminationSensorPortVoltage",
                    "default_value": null
                },
                {
                    "property_name": "AquariumLVR",
                    "data_type": "int",
                    "required": false,
                    "enum_list": null,
                    "min": "0",
                    "max": "100",
                    "max_length": 0,
                    "step": 0,
                    "unit": "",
                    "method": "RW",
                    "description": "AquariumLConfig命令的AquariumLCR参数的本地信息。",
                    "default_value": null
                },
                {
                    "property_name": "PlantGLRS",
                    "data_type": "int",
                    "required": false,
                    "enum_list": null,
                    "min": "0",
                    "max": "10",
                    "max_length": 0,
                    "step": 0,
                    "unit": "",
                    "method": "RW",
                    "description": "PlantGLCmd命令的PlantGLRS参数的本地信息。",
                    "default_value": null
                },
                {
                    "property_name": "FeederFRS",
                    "data_type": "int",
                    "required": false,
                    "enum_list": null,
                    "min": "0",
                    "max": "10",
                    "max_length": 0,
                    "step": 0,
                    "unit": "",
                    "method": "RW",
                    "description": "FeederCtrl命令的FeederFT参数的本地对应信息。FeederFeedingRunStatus",
                    "default_value": null
                },
                {
                    "property_name": "AirT",
                    "data_type": "int",
                    "required": false,
                    "enum_list": null,
                    "min": "0",
                    "max": "50",
                    "max_length": 0,
                    "step": 0,
                    "unit": "",
                    "method": "RW",
                    "description": "是DHT11测量的空气温度数值。量程是0~50摄氏度AirTemperature。",
                    "default_value": null
                },
                {
                    "property_name": "AirH",
                    "data_type": "int",
                    "required": false,
                    "enum_list": null,
                    "min": "0",
                    "max": "100",
                    "max_length": 0,
                    "step": 0,
                    "unit": "",
                    "method": "RW",
                    "description": "是DHT11测量得出的空气相对湿度数值。单位是百分之HR。量程是20~90百分之HR。AirHumidity",
                    "default_value": null
                }
            ],
            "commands": [
                {
                    "command_name": "WaterPVConfig",
                    "paras": [
                        {
                            "para_name": "WaterPVR",
                            "data_type": "decimal",
                            "required": false,
                            "enum_list": null,
                            "min": "0",
                            "max": "100",
                            "max_length": 0,
                            "step": 0,
                            "unit": "",
                            "description": "是水泵电机的PWM等效供电电压占最大供电电压的比值。WaterPumpVoltageConfig。WaterPumpVoltageRatio。"
                        }
                    ],
                    "responses": null
                },
                {
                    "command_name": "AirPCmd",
                    "paras": [
                        {
                            "para_name": "AirPRS",
                            "data_type": "int",
                            "required": false,
                            "enum_list": null,
                            "min": "0",
                            "max": "10",
                            "max_length": 0,
                            "step": 0,
                            "unit": "",
                            "description": "是气泵的运行状态，可以是开或者关，分别对应1和0。AirPumpCmd。AirPumpRunStatus。"
                        }
                    ],
                    "responses": null
                },
                {
                    "command_name": "WaterHCmd",
                    "paras": [
                        {
                            "para_name": "WaterHRS",
                            "data_type": "int",
                            "required": false,
                            "enum_list": null,
                            "min": "0",
                            "max": "10",
                            "max_length": 0,
                            "step": 0,
                            "unit": "",
                            "description": "是水加热器的运行状态,可以是开或者关,分别对应1和0。WaterHeaterCmd。WaterHeaterRunStatus。"
                        }
                    ],
                    "responses": null
                },
                {
                    "command_name": "AquariumLConfig",
                    "paras": [
                        {
                            "para_name": "AquariumLVR",
                            "data_type": "decimal",
                            "required": false,
                            "enum_list": null,
                            "min": "0",
                            "max": "100",
                            "max_length": 0,
                            "step": 0,
                            "unit": "",
                            "description": "是用于控制鱼缸照明灯的PWM等效电压相比最高电压的比率的参数。AquariumLightVoltageRatio"
                        }
                    ],
                    "responses": null
                },
                {
                    "command_name": "PlantGLCmd",
                    "paras": [
                        {
                            "para_name": "PlantGLRS",
                            "data_type": "int",
                            "required": false,
                            "enum_list": null,
                            "min": "0",
                            "max": "10",
                            "max_length": 0,
                            "step": 0,
                            "unit": "",
                            "description": "是用于控制植物生长灯运行状态的参数。PlantGrowLampCmd"
                        }
                    ],
                    "responses": null
                },
                {
                    "command_name": "FeederCtrl",
                    "paras": [
                        {
                            "para_name": "FeederFT",
                            "data_type": "int",
                            "required": false,
                            "enum_list": null,
                            "min": "0",
                            "max": "10",
                            "max_length": 0,
                            "step": 0,
                            "unit": "",
                            "description": "是用于触发喂食器投放鱼饲料的参数。FeederFeedingTriger"
                        }
                    ],
                    "responses": null
                }
            ],
            "events": null,
            "description": "器件：水位传感器，水泵，水质传感器，土壤湿度传感器，水加热器，水温传感器，气泵，鱼缸灯，植物生长灯，种植光照传感器，鱼缸喂食器，空气温湿度传感器。",
            "option": "Optional"
        }
    ]
}