{
    "devices": [
        {
            "manufacturer_name": null,
            "manufacturer_id": "43d86113-f776-3402-008c-1aa49467b522",
            "model": "115f2f3f-908d-6e36-6018-b192e8e78024",
            "protocol_type": "MQTT",
            "device_type": "农业机械",
            "service_capabilities": [
                {
                    "service_id": "All",
                    "service_type": "All",
                    "option": "Optional",
                    "description": "器件：水位传感器，水泵，水质传感器，土壤湿度传感器，水加热器，水温传感器，气泵，鱼缸灯，植物生长灯，种植光照传感器，鱼缸喂食器，空气温湿度传感器。"
                }
            ]
        }
    ]
}