{
    "services": [
        {
            "service_id": "All",
            "service_type": "All",
            "properties": [
                {
                    "property_name": "WSD",
                    "data_type": "int",
                    "required": false,
                    "enum_list": null,
                    "min": "0",
                    "max": "4000",
                    "max_length": 0,
                    "step": 0,
                    "unit": "mm",
                    "method": "RW",
                    "description": "WaterSurfaceDistance。是水平面距离测距仪的距离,与网络应用设定的测距仪距离水底的距离计算出水位高度。单位是mm。",
                    "default_value": null
                },
                {
                    "property_name": "WQSV",
                    "data_type": "decimal",
                    "required": false,
                    "enum_list": null,
                    "min": "0",
                    "max": "5",
                    "max_length": 0,
                    "step": 0,
                    "unit": "",
                    "method": "RW",
                    "description": "WaterQualitySensorVoltage。STM32测量的水质传感器的数据端口电压。",
                    "default_value": null
                },
                {
                    "property_name": "SMSV",
                    "data_type": "decimal",
                    "required": false,
                    "enum_list": null,
                    "min": "0",
                    "max": "5",
                    "max_length": 0,
                    "step": 0,
                    "unit": "",
                    "method": "RW",
                    "description": "SoilMoistureSensorPortVoltage。STM32测量的土壤湿度传感器的数据端口电压。",
                    "default_value": null
                },
                {
                    "property_name": "WT",
                    "data_type": "int",
                    "required": false,
                    "enum_list": null,
                    "min": "-55",
                    "max": "125",
                    "max_length": 0,
                    "step": 0,
                    "unit": "",
                    "method": "RW",
                    "description": "WaterTemperature。DS18B20温度传感器测出的水温数据，单位是摄氏度，没有小数。量程是-55~125摄氏度。",
                    "default_value": null
                },
                {
                    "property_name": "WPVR",
                    "data_type": "decimal",
                    "required": false,
                    "enum_list": null,
                    "min": "0",
                    "max": "100",
                    "max_length": 0,
                    "step": 0,
                    "unit": "",
                    "method": "RW",
                    "description": "WaterPumpVoltageRatioConfig命令的WaterPumpVoltageRatio参数的本地信息。",
                    "default_value": null
                },
                {
                    "property_name": "APRS",
                    "data_type": "int",
                    "required": false,
                    "enum_list": null,
                    "min": "0",
                    "max": "10",
                    "max_length": 0,
                    "step": 0,
                    "unit": "",
                    "method": "RW",
                    "description": "AirPumpRunStatusCommand命令的AirPumpRunStatusAirPCmd参数的本地信息。",
                    "default_value": null
                },
                {
                    "property_name": "WHRS",
                    "data_type": "int",
                    "required": false,
                    "enum_list": null,
                    "min": "0",
                    "max": "10",
                    "max_length": 0,
                    "step": 0,
                    "unit": "",
                    "method": "RW",
                    "description": "WaterHeaterRunStatusCommand命令的WaterHeaterRunStatusWaterHRS参数的本地信息。",
                    "default_value": null
                },
                {
                    "property_name": "ISV",
                    "data_type": "decimal",
                    "required": false,
                    "enum_list": null,
                    "min": "0",
                    "max": "5",
                    "max_length": 0,
                    "step": 0,
                    "unit": "",
                    "method": "RW",
                    "description": "IlluminationSensorVoltage。是亮度传感器的模拟输出端口(AO)电压经过STM32进行ADC转换后的电压数值。",
                    "default_value": null
                },
                {
                    "property_name": "ALVR",
                    "data_type": "decimal",
                    "required": false,
                    "enum_list": null,
                    "min": "0",
                    "max": "100",
                    "max_length": 0,
                    "step": 0,
                    "unit": "",
                    "method": "RW",
                    "description": "AquariumLampVoltageRatioConfig命令的AquariumLampVoltageRatio参数的本地信息。",
                    "default_value": null
                },
                {
                    "property_name": "PGLVR",
                    "data_type": "decimal",
                    "required": false,
                    "enum_list": null,
                    "min": "0",
                    "max": "100",
                    "max_length": 0,
                    "step": 0,
                    "unit": "",
                    "method": "RW",
                    "description": "PlantGrowLampVoltageRatioConfig命令的PlantGrowLampVoltageRatio参数的本地信息。",
                    "default_value": null
                },
                {
                    "property_name": "FRS",
                    "data_type": "int",
                    "required": false,
                    "enum_list": null,
                    "min": "0",
                    "max": "10",
                    "max_length": 0,
                    "step": 0,
                    "unit": "",
                    "method": "RW",
                    "description": "FeederTrigerControl命令的FeederTriger参数的本地对应信息。",
                    "default_value": null
                },
                {
                    "property_name": "AT",
                    "data_type": "int",
                    "required": false,
                    "enum_list": null,
                    "min": "0",
                    "max": "50",
                    "max_length": 0,
                    "step": 0,
                    "unit": "",
                    "method": "RW",
                    "description": "AirTemperature。是DHT11测量的空气温度数值。量程是0~50摄氏度。",
                    "default_value": null
                },
                {
                    "property_name": "AH",
                    "data_type": "int",
                    "required": false,
                    "enum_list": null,
                    "min": "0",
                    "max": "100",
                    "max_length": 0,
                    "step": 0,
                    "unit": "",
                    "method": "RW",
                    "description": "AirHumidity。是DHT11测量得出的空气相对湿度数值。单位是百分之HR。量程是20~90百分之HR。",
                    "default_value": null
                }
            ],
            "commands": [
                {
                    "command_name": "WPVRC",
                    "paras": [
                        {
                            "para_name": "WPVR",
                            "data_type": "decimal",
                            "required": false,
                            "enum_list": null,
                            "min": "0",
                            "max": "100",
                            "max_length": 0,
                            "step": 0,
                            "unit": "",
                            "description": "WaterPumpVoltageRatioConfig命令的WaterPumpVoltageRatio参数。是水泵电机的PWM等效供电电压占最大供电电压的比值。"
                        }
                    ],
                    "responses": null
                },
                {
                    "command_name": "APRSC",
                    "paras": [
                        {
                            "para_name": "APRS",
                            "data_type": "int",
                            "required": false,
                            "enum_list": null,
                            "min": "0",
                            "max": "10",
                            "max_length": 0,
                            "step": 0,
                            "unit": "",
                            "description": "AirPumpRunStatusCommand命令的AirPumpRunStatus参数。是气泵的运行状态，可以是开或者关，分别对应1和0。"
                        }
                    ],
                    "responses": null
                },
                {
                    "command_name": "WHRSC",
                    "paras": [
                        {
                            "para_name": "WHRS",
                            "data_type": "int",
                            "required": false,
                            "enum_list": null,
                            "min": "0",
                            "max": "10",
                            "max_length": 0,
                            "step": 0,
                            "unit": "",
                            "description": "WaterHeaterRunStatusCommand命令的WaterHeaterRunStatus参数。是水加热器的运行状态,可以是开或者关,分别对应1和0。"
                        }
                    ],
                    "responses": null
                },
                {
                    "command_name": "ALVRC",
                    "paras": [
                        {
                            "para_name": "ALVR",
                            "data_type": "decimal",
                            "required": false,
                            "enum_list": null,
                            "min": "0",
                            "max": "100",
                            "max_length": 0,
                            "step": 0,
                            "unit": "",
                            "description": "AquariumLampVoltageRatioConfig命令的AquariumLampVoltageRatio参数。是用于控制鱼缸照明灯的PWM等效电压相比最高电压的比率的参数。"
                        }
                    ],
                    "responses": null
                },
                {
                    "command_name": "PGLVRC",
                    "paras": [
                        {
                            "para_name": "PGLVR",
                            "data_type": "decimal",
                            "required": false,
                            "enum_list": null,
                            "min": "0",
                            "max": "100",
                            "max_length": 0,
                            "step": 0,
                            "unit": "",
                            "description": "PlantGrowLampVoltageRatioConfig命令的PlantGrowLampVoltageRatio参数。是用于控制植物生长灯的PWM等效电压相比最高电压的比率的参数。"
                        }
                    ],
                    "responses": null
                },
                {
                    "command_name": "FTC",
                    "paras": [
                        {
                            "para_name": "FT",
                            "data_type": "int",
                            "required": false,
                            "enum_list": null,
                            "min": "0",
                            "max": "10",
                            "max_length": 0,
                            "step": 0,
                            "unit": "",
                            "description": "FeederTrigerControl命令的FeederTriger参数。是用于触发喂食器投放鱼饲料的参数。"
                        }
                    ],
                    "responses": null
                }
            ],
            "events": null,
            "description": "器件：水位传感器，水泵，水质传感器，土壤湿度传感器，水加热器，水温传感器，气泵，鱼缸灯，植物生长灯，种植光照传感器，鱼缸喂食器，空气温湿度传感器。",
            "option": "Optional"
        }
    ]
}