{"devices":[{"manufacturer_name":null,"manufacturer_id":"dd62ec42-64a2-4fd4-f4d7-2a56f9d60c60","model":"46e90dc6-68df-2941-df95-ae9bfdf3ec0e","protocol_type":"MQTT","device_type":"农业机械","service_capabilities":[{"service_id":"All","service_type":"All","option":"Optional","description":"器件：水位传感器，水泵，水质传感器，土壤湿度传感器，水加热器，水温传感器，气泵，鱼缸灯，植物生长灯，种植光照传感器，鱼缸喂食器，空气温湿度传感器。"}]}]}